{"count":1,"self":219.4215936,"total":2330.9869312,"children":{"InitializeActuators":{"count":14,"self":0.0010102,"total":0.0010102,"children":null},"InitializeSensors":{"count":14,"self":0.0015025,"total":0.0015025,"children":null},"AgentSendState":{"count":270967,"self":1.4596879999999999,"total":7.6111648,"children":{"CollectObservations":{"count":758716,"self":0.7373019,"total":0.7373019,"children":null},"WriteActionMask":{"count":758716,"self":0.17753819999999998,"total":0.17753819999999998,"children":null},"RequestDecision":{"count":758716,"self":1.4145693,"total":5.2366367,"children":{"AgentInfo.ToProto":{"count":758716,"self":1.2667720999999998,"total":3.8220674,"children":{"GenerateSensorData":{"count":758716,"self":2.5552951999999998,"total":2.5552953,"children":null}}}}}}},"DecideAction":{"count":270967,"self":2093.2149248,"total":2093.2149215,"children":null},"AgentAct":{"count":270967,"self":10.7072936,"total":10.7362215,"children":{"AgentInfo.ToProto":{"count":3780,"self":0.0096166,"total":0.028928199999999998,"children":{"GenerateSensorData":{"count":3780,"self":0.019311599999999998,"total":0.019311599999999998,"children":null}}}}}},"gauges":{"MoveToTarget.CumulativeReward":{"count":3780,"max":526.0239,"min":-291.944366,"runningAverage":-160.216034,"value":-211.942062,"weightedAverage":-232.9844}},"metadata":{"timer_format_version":"0.1.0","start_time_seconds":"1716225642","unity_version":"2023.2.20f1","command_line_arguments":"C:\\Program Files\\Unity\\Hub\\Editor\\2023.2.20f1\\Editor\\Unity.exe -projectpath C:\\Users\\MehmedSefa\\GitHub\\GoogleAIBasedGameJam -useHub -hubIPC -cloudEnvironment production","communication_protocol_version":"1.5.0","com.unity.ml-agents_version":"3.0.0-exp.1","scene_name":"TrainingForLevel1","end_time_seconds":"1716227973"}}